{"生于": 0, "什么": 1, "线索": 2, "x": 3, "是": 4, "这部": 5, "由": 6, "了": 7, "合作": 8, "大于": 9, "演过": 10, "nnt": 11, "电影": 12, "多少": 13, "上映": 14, "过去": 15, "评分": 16, "类型": 17, "情节": 18, "影院": 19, "拍": 20, "出": 21, "演员": 22, "演了": 23, "放映": 24, "简介": 25, "合拍": 26, "nnr": 27, "风格": 28, "以下": 29, "时间": 30, "上线": 31, "出演": 32, "分": 33, "时候": 34, "参演": 35, "故事": 36, "内容": 37, "介绍": 38, "生日": 39, "主要": 40, "ng": 41, "剧情简介": 42, "超过": 43, "都": 44, "与": 45, "演": 46, "梗概": 47, "出生日期": 48, "在": 49, "小于": 50, "信息": 51, "中": 52, "剧情": 53, "以上": 54, "首播": 55, "可以": 56, "以前": 57, "﻿": 58, "得": 59, "格调": 60, "详细信息": 61, "哪些": 62, "哪一天": 63, "nm": 64, "故事梗概": 65, "的": 66, "和": 67, "分数": 68, "一起": 69, "人演": 70, "有": 71, "题材": 72, "首映": 73, "谁": 74, "讲": 75, "过": 76, "出生": 77, "一共": 78, "看到": 79, "低于": 80, "部": 81}